order_purchase_timestamp,revenue
2017-01-01,0.0
2017-01-02,0.0
2017-01-03,0.0
2017-01-04,0.0
2017-01-05,396.9
2017-01-06,916.38
2017-01-07,1351.9
2017-01-08,449.78
2017-01-09,673.79
2017-01-10,1434.87
2017-01-11,1855.27
2017-01-12,1478.5900000000001
2017-01-13,2450.68
2017-01-14,876.89
2017-01-15,2199.5699999999997
2017-01-16,3275.02
2017-01-17,3302.5299999999997
2017-01-18,3216.49
2017-01-19,3553.95
2017-01-20,4035.83
2017-01-21,2313.71
2017-01-22,3619.27
2017-01-23,6299.22
2017-01-24,5155.3
2017-01-25,7114.95
2017-01-26,12907.97
2017-01-27,11178.95
2017-01-28,5056.01
2017-01-29,5966.76
2017-01-30,10241.15
2017-01-31,10476.63
2017-02-01,7538.77
2017-02-02,8813.65
2017-02-03,9641.82
2017-02-04,13599.27
2017-02-05,8406.89
2017-02-06,9399.76
2017-02-07,13704.69
2017-02-08,11550.69
2017-02-09,8971.6
2017-02-10,13142.34
2017-02-11,4307.56
2017-02-12,14922.35
2017-02-13,10136.15
2017-02-14,10885.41
2017-02-15,6526.87
2017-02-16,5823.14
2017-02-17,6801.26
2017-02-18,7297.33
2017-02-19,3564.83
2017-02-20,7156.41
2017-02-21,8023.17
2017-02-22,5935.72
2017-02-23,6271.34
2017-02-24,6630.12
2017-02-25,3573.69
2017-02-26,5132.49
2017-02-27,5764.32
2017-02-28,10701.76
2017-03-01,12203.41
2017-03-02,11164.5
2017-03-03,12364.44
2017-03-04,8594.74
2017-03-05,6662.93
2017-03-06,8618.039999999999
2017-03-07,11388.62
2017-03-08,13178.97
2017-03-09,10976.84
2017-03-10,11916.08
2017-03-11,10513.41
2017-03-12,6496.17
2017-03-13,16351.460000000001
2017-03-14,13935.57
2017-03-15,14362.04
2017-03-16,14134.44
2017-03-17,11910.5
2017-03-18,16145.92
2017-03-19,6649.34
2017-03-20,16861.09
2017-03-21,11311.15
2017-03-22,14150.98
2017-03-23,16073.78
2017-03-24,10094.57
2017-03-25,9301.89
2017-03-26,6101.05
2017-03-27,16186.17
2017-03-28,11420.22
2017-03-29,8164.14
2017-03-30,9795.61
2017-03-31,12170.78
2017-04-01,17518.47
2017-04-02,8999.89
2017-04-03,8843.07
2017-04-04,12301.65
2017-04-05,18328.24
2017-04-06,19130.49
2017-04-07,12932.49
2017-04-08,8457.09
2017-04-09,7715.85
2017-04-10,11378.51
2017-04-11,6972.61
2017-04-12,7790.21
2017-04-13,9691.43
2017-04-14,6704.19
2017-04-15,8210.19
2017-04-16,5025.96
2017-04-17,7432.09
2017-04-18,21286.72
2017-04-19,11755.68
2017-04-20,12300.64
2017-04-21,8426.27
2017-04-22,12761.18
2017-04-23,9904.05
2017-04-24,13026.85
2017-04-25,13747.460000000001
2017-04-26,15365.59
2017-04-27,9521.93
2017-04-28,15585.79
2017-04-29,11573.73
2017-04-30,7981.36
2017-05-01,11786.89
2017-05-02,17304.91
2017-05-03,10037.06
2017-05-04,13493.56
2017-05-05,13622.07
2017-05-06,14328.28
2017-05-07,16303.380000000001
2017-05-08,15873.06
2017-05-09,20525.66
2017-05-10,20445.829999999998
2017-05-11,18058.66
2017-05-12,11656.75
2017-05-13,8353.97
2017-05-14,14252.0
2017-05-15,17679.45
2017-05-16,21050.99
2017-05-17,18130.96
2017-05-18,18205.14
2017-05-19,17490.170000000002
2017-05-20,10538.41
2017-05-21,17175.21
2017-05-22,23970.52
2017-05-23,17246.9
2017-05-24,23310.97
2017-05-25,15084.9
2017-05-26,10411.18
2017-05-27,13340.72
2017-05-28,9262.62
2017-05-29,17669.670000000002
2017-05-30,13497.69
2017-05-31,19230.67
2017-06-01,19287.35
2017-06-02,18597.55
2017-06-03,10432.85
2017-06-04,13693.74
2017-06-05,23204.89
2017-06-06,13559.85
2017-06-07,12498.67
2017-06-08,18379.38
2017-06-09,15921.35
2017-06-10,7941.56
2017-06-11,14114.66
2017-06-12,14279.98
2017-06-13,13803.4
2017-06-14,20309.95
2017-06-15,12079.87
2017-06-16,12722.34
2017-06-17,11024.62
2017-06-18,15706.28
2017-06-19,22231.41
2017-06-20,10658.53
2017-06-21,6135.75
2017-06-22,8458.62
2017-06-23,12690.09
2017-06-24,8146.75
2017-06-25,17000.09
2017-06-26,12977.97
2017-06-27,16681.61
2017-06-28,14477.84
2017-06-29,12169.53
2017-06-30,12736.89
2017-07-01,11434.35
2017-07-02,11220.56
2017-07-03,15201.36
2017-07-04,15219.25
2017-07-05,20533.02
2017-07-06,20870.58
2017-07-07,13158.890000000001
2017-07-08,10206.86
2017-07-09,8070.58
2017-07-10,17326.93
2017-07-11,19135.99
2017-07-12,18564.4
2017-07-13,14325.51
2017-07-14,18595.16
2017-07-15,10880.66
2017-07-16,12627.74
2017-07-17,21349.98
2017-07-18,27935.2
2017-07-19,16171.41
2017-07-20,17839.28
2017-07-21,12629.05
2017-07-22,11426.81
2017-07-23,11850.11
2017-07-24,18183.72
2017-07-25,16789.24
2017-07-26,10807.07
2017-07-27,15518.03
2017-07-28,19479.26
2017-07-29,15127.6
2017-07-30,12149.73
2017-07-31,16976.19
2017-08-01,21321.15
2017-08-02,17797.09
2017-08-03,18285.62
2017-08-04,17912.82
2017-08-05,11793.34
2017-08-06,12902.48
2017-08-07,23257.84
2017-08-08,18661.63
2017-08-09,20128.37
2017-08-10,19865.55
2017-08-11,18916.38
2017-08-12,12384.17
2017-08-13,12244.3
2017-08-14,17905.47
2017-08-15,22813.74
2017-08-16,20461.27
2017-08-17,17819.11
2017-08-18,16734.31
2017-08-19,12842.58
2017-08-20,12873.78
2017-08-21,21480.85
2017-08-22,16570.13
2017-08-23,15873.61
2017-08-24,13121.01
2017-08-25,14462.15
2017-08-26,9797.9
2017-08-27,12893.21
2017-08-28,21318.73
2017-08-29,33236.48
2017-08-30,29116.37
2017-08-31,19908.26
2017-09-01,27983.45
2017-09-02,17911.760000000002
2017-09-03,27615.52
2017-09-04,24757.98
2017-09-05,20674.760000000002
2017-09-06,25101.81
2017-09-07,16893.5
2017-09-08,11484.6
2017-09-09,14554.65
2017-09-10,17144.5
2017-09-11,23246.89
2017-09-12,26431.54
2017-09-13,27263.48
2017-09-14,22188.87
2017-09-15,17959.58
2017-09-16,18965.74
2017-09-17,19979.42
2017-09-18,27232.01
2017-09-19,19616.670000000002
2017-09-20,21812.75
2017-09-21,18251.99
2017-09-22,15388.12
2017-09-23,9720.71
2017-09-24,12920.75
2017-09-25,17502.57
2017-09-26,21101.61
2017-09-27,20646.92
2017-09-28,22993.12
2017-09-29,28399.8
2017-09-30,11654.6
2017-10-01,18058.48
2017-10-02,21550.66
2017-10-03,25462.08
2017-10-04,20972.7
2017-10-05,24851.52
2017-10-06,16993.27
2017-10-07,14941.03
2017-10-08,16539.010000000002
2017-10-09,28850.29
2017-10-10,27879.52
2017-10-11,18735.58
2017-10-12,18352.08
2017-10-13,22241.19
2017-10-14,13160.97
2017-10-15,18598.06
2017-10-16,30039.98
2017-10-17,29361.78
2017-10-18,27257.79
2017-10-19,23128.37
2017-10-20,18523.4
2017-10-21,14332.86
2017-10-22,19195.28
2017-10-23,21682.21
2017-10-24,22034.47
2017-10-25,17397.16
2017-10-26,21253.81
2017-10-27,20318.58
2017-10-28,16333.61
2017-10-29,17048.75
2017-10-30,19400.06
2017-10-31,23753.1
2017-11-01,19363.71
2017-11-02,21074.93
2017-11-03,22844.05
2017-11-04,19033.27
2017-11-05,16323.76
2017-11-06,27673.15
2017-11-07,19711.71
2017-11-08,18594.64
2017-11-09,24307.55
2017-11-10,18789.56
2017-11-11,22768.63
2017-11-12,22553.77
2017-11-13,23792.68
2017-11-14,26542.95
2017-11-15,22591.4
2017-11-16,27674.54
2017-11-17,28711.29
2017-11-18,22713.91
2017-11-19,19932.66
2017-11-20,43405.98
2017-11-21,33600.85
2017-11-22,23951.51
2017-11-23,43102.33
2017-11-24,149916.58
2017-11-25,59928.51
2017-11-26,44000.48
2017-11-27,47237.270000000004
2017-11-28,47694.76
2017-11-29,39093.09
2017-11-30,30835.85
2017-12-01,38966.51
2017-12-02,30769.14
2017-12-03,28825.3
2017-12-04,45101.28
2017-12-05,33224.77
2017-12-06,38694.05
2017-12-07,27649.88
2017-12-08,28848.49
2017-12-09,19728.04
2017-12-10,23843.78
2017-12-11,33134.94
2017-12-12,32802.19
2017-12-13,28972.58
2017-12-14,24980.45
2017-12-15,26582.62
2017-12-16,20125.39
2017-12-17,19025.62
2017-12-18,28791.47
2017-12-19,20356.99
2017-12-20,26642.54
2017-12-21,18208.63
2017-12-22,14196.95
2017-12-23,11623.65
2017-12-24,5600.02
2017-12-25,9858.64
2017-12-26,20071.73
2017-12-27,17341.4
2017-12-28,14647.79
2017-12-29,15912.82
2017-12-30,13042.65
2017-12-31,8462.880000000001
2018-01-01,6818.31
2018-01-02,24912.05
2018-01-03,31061.83
2018-01-04,34137.05
2018-01-05,25901.49
2018-01-06,27513.73
2018-01-07,28320.06
2018-01-08,37611.71
2018-01-09,29865.170000000002
2018-01-10,37384.96
2018-01-11,39648.12
2018-01-12,30174.74
2018-01-13,27402.24
2018-01-14,30606.37
2018-01-15,37765.71
2018-01-16,42306.97
2018-01-17,35283.53
2018-01-18,27684.88
2018-01-19,27146.19
2018-01-20,22152.69
2018-01-21,21728.24
2018-01-22,36787.96
2018-01-23,34046.69
2018-01-24,30949.0
2018-01-25,28822.42
2018-01-26,33598.11
2018-01-27,21544.61
2018-01-28,22614.96
2018-01-29,29987.56
2018-01-30,28640.96
2018-01-31,32226.69
2018-02-01,29865.85
2018-02-02,26885.53
2018-02-03,22822.170000000002
2018-02-04,23507.49
2018-02-05,35467.24
2018-02-06,33539.34
2018-02-07,30891.45
2018-02-08,27074.86
2018-02-09,30571.07
2018-02-10,20579.17
2018-02-11,22014.31
2018-02-12,23255.73
2018-02-13,23059.65
2018-02-14,36580.37
2018-02-15,31290.7
2018-02-16,26668.1
2018-02-17,24662.48
2018-02-18,24141.73
2018-02-19,27551.75
2018-02-20,36289.7
2018-02-21,31508.57
2018-02-22,29828.19
2018-02-23,28327.89
2018-02-24,23995.28
2018-02-25,28397.22
2018-02-26,43372.46
2018-02-27,39901.51
2018-02-28,44387.32
2018-03-01,38918.9
2018-03-02,31378.56
2018-03-03,25925.77
2018-03-04,30922.02
2018-03-05,36822.590000000004
2018-03-06,38217.79
2018-03-07,35398.91
2018-03-08,27521.6
2018-03-09,27192.76
2018-03-10,25262.49
2018-03-11,31078.58
2018-03-12,30082.26
2018-03-13,34400.25
2018-03-14,22466.81
2018-03-15,41686.36
2018-03-16,31928.74
2018-03-17,19725.21
2018-03-18,30582.35
2018-03-19,43419.19
2018-03-20,35076.97
2018-03-21,39133.58
2018-03-22,30400.87
2018-03-23,26706.66
2018-03-24,23584.87
2018-03-25,25336.31
2018-03-26,35008.82
2018-03-27,33609.86
2018-03-28,26972.14
2018-03-29,28336.37
2018-03-30,21871.83
2018-03-31,24386.83
2018-04-01,28553.63
2018-04-02,39041.32
2018-04-03,36107.92
2018-04-04,36706.21
2018-04-05,35763.14
2018-04-06,26528.26
2018-04-07,24874.1
2018-04-08,23212.85
2018-04-09,48922.94
2018-04-10,27416.11
2018-04-11,38318.13
2018-04-12,33952.78
2018-04-13,29605.91
2018-04-14,18776.7
2018-04-15,30171.31
2018-04-16,39973.23
2018-04-17,33777.37
2018-04-18,38231.89
2018-04-19,42749.340000000004
2018-04-20,27176.04
2018-04-21,18839.36
2018-04-22,27171.0
2018-04-23,37135.47
2018-04-24,42219.08
2018-04-25,40621.4
2018-04-26,31263.86
2018-04-27,39552.35
2018-04-28,22511.91
2018-04-29,19156.84
2018-04-30,35203.64
2018-05-01,32695.0
2018-05-02,36451.83
2018-05-03,40915.77
2018-05-04,38990.96
2018-05-05,27825.16
2018-05-06,27800.55
2018-05-07,52726.03
2018-05-08,47145.8
2018-05-09,42308.13
2018-05-10,49689.88
2018-05-11,37785.29
2018-05-12,28736.13
2018-05-13,31203.52
2018-05-14,52633.1
2018-05-15,40879.52
2018-05-16,55562.13
2018-05-17,30876.73
2018-05-18,30941.63
2018-05-19,25052.39
2018-05-20,19163.579999999998
2018-05-21,24546.19
2018-05-22,27229.09
2018-05-23,17501.05
2018-05-24,20023.26
2018-05-25,15888.92
2018-05-26,14799.17
2018-05-27,12523.25
2018-05-28,26702.47
2018-05-29,25572.08
2018-05-30,18994.8
2018-05-31,24381.28
2018-06-01,32298.92
2018-06-02,25216.62
2018-06-03,28096.96
2018-06-04,28209.010000000002
2018-06-05,30524.36
2018-06-06,26134.4
2018-06-07,37020.4
2018-06-08,26161.02
2018-06-09,29172.11
2018-06-10,25360.34
2018-06-11,49669.7
2018-06-12,40267.200000000004
2018-06-13,33791.840000000004
2018-06-14,27369.6
2018-06-15,26313.760000000002
2018-06-16,24287.170000000002
2018-06-17,17238.33
2018-06-18,33724.5
2018-06-19,34103.02
2018-06-20,28722.99
2018-06-21,27595.68
2018-06-22,24567.23
2018-06-23,17397.05
2018-06-24,24303.6
2018-06-25,35346.52
2018-06-26,30420.59
2018-06-27,26496.48
2018-06-28,30681.0
2018-06-29,20277.58
2018-06-30,15309.880000000001
2018-07-01,23885.47
2018-07-02,22872.2
2018-07-03,26102.52
2018-07-04,35149.77
2018-07-05,28490.43
2018-07-06,18739.64
2018-07-07,8816.76
2018-07-08,14064.7
2018-07-09,19360.95
2018-07-10,18127.59
2018-07-11,17719.1
2018-07-12,19551.98
2018-07-13,27644.23
2018-07-14,21542.92
2018-07-15,29518.6
2018-07-16,29990.09
2018-07-17,29532.13
2018-07-18,40860.9
2018-07-19,38426.79
2018-07-20,31898.19
2018-07-21,20845.68
2018-07-22,25903.420000000002
2018-07-23,39296.34
2018-07-24,39903.0
2018-07-25,40183.26
2018-07-26,34744.03
2018-07-27,28104.86
2018-07-28,24813.32
2018-07-29,29453.61
2018-07-30,37606.96
2018-07-31,44804.02
2018-08-01,40244.22
2018-08-02,37834.35
2018-08-03,41477.14
2018-08-04,34646.27
2018-08-05,34701.48
2018-08-06,53475.41
2018-08-07,46744.2
2018-08-08,42449.38
2018-08-09,39659.48
2018-08-10,32841.77
2018-08-11,25916.03
2018-08-12,29150.53
2018-08-13,38245.22
2018-08-14,43900.96
2018-08-15,45376.15
2018-08-16,35166.77
2018-08-17,31124.03
2018-08-18,24157.5
2018-08-19,25487.39
2018-08-20,33749.5
2018-08-21,26274.06
2018-08-22,20247.24
2018-08-23,17030.87
